-- MySQL dump 10.13  Distrib 5.7.17, for macos10.12 (x86_64)
--
-- Host: 127.0.0.1    Database: spring_ex
-- ------------------------------------------------------
-- Server version	8.0.18

/*!40101 SET @OLD_CHARACTER_SET_CLIENT=@@CHARACTER_SET_CLIENT */;
/*!40101 SET @OLD_CHARACTER_SET_RESULTS=@@CHARACTER_SET_RESULTS */;
/*!40101 SET @OLD_COLLATION_CONNECTION=@@COLLATION_CONNECTION */;
/*!40101 SET NAMES utf8 */;
/*!40103 SET @OLD_TIME_ZONE=@@TIME_ZONE */;
/*!40103 SET TIME_ZONE='+00:00' */;
/*!40014 SET @OLD_UNIQUE_CHECKS=@@UNIQUE_CHECKS, UNIQUE_CHECKS=0 */;
/*!40014 SET @OLD_FOREIGN_KEY_CHECKS=@@FOREIGN_KEY_CHECKS, FOREIGN_KEY_CHECKS=0 */;
/*!40101 SET @OLD_SQL_MODE=@@SQL_MODE, SQL_MODE='NO_AUTO_VALUE_ON_ZERO' */;
/*!40111 SET @OLD_SQL_NOTES=@@SQL_NOTES, SQL_NOTES=0 */;

--
-- Table structure for table `tbl_article`
--

DROP TABLE IF EXISTS `tbl_article`;
/*!40101 SET @saved_cs_client     = @@character_set_client */;
/*!40101 SET character_set_client = utf8 */;
CREATE TABLE `tbl_article` (
  `article_no` int(11) NOT NULL AUTO_INCREMENT,
  `title` varchar(200) CHARACTER SET utf8 COLLATE utf8_bin NOT NULL,
  `content` text CHARACTER SET utf8 COLLATE utf8_bin,
  `writer` varchar(50) CHARACTER SET utf8 COLLATE utf8_bin NOT NULL,
  `reg_date` timestamp NULL DEFAULT CURRENT_TIMESTAMP,
  `view_cnt` int(11) DEFAULT '0',
  `file_cnt` int(11) DEFAULT '0',
  `reply_cnt` int(11) DEFAULT '0',
  PRIMARY KEY (`article_no`)
) ENGINE=InnoDB AUTO_INCREMENT=125 DEFAULT CHARSET=utf8;
/*!40101 SET character_set_client = @saved_cs_client */;

--
-- Dumping data for table `tbl_article`
--

LOCK TABLES `tbl_article` WRITE;
/*!40000 ALTER TABLE `tbl_article` DISABLE KEYS */;
INSERT INTO `tbl_article` VALUES (2,'123','123','123','2021-01-25 08:05:58',0,0,0),(3,'1번째 글 제목입니다...','1번재 글 내용입니다...','user01','2021-01-25 12:04:17',0,0,0),(4,'2번째 글 제목입니다...','2번재 글 내용입니다...','user02','2021-01-25 12:04:17',0,0,0),(5,'3번째 글 제목입니다...','3번재 글 내용입니다...','user03','2021-01-25 12:04:17',0,0,0),(6,'4번째 글 제목입니다...','4번재 글 내용입니다...','user04','2021-01-25 12:04:17',0,0,0),(7,'5번째 글 제목입니다...','5번재 글 내용입니다...','user05','2021-01-25 12:04:17',0,0,0),(8,'6번째 글 제목입니다...','6번재 글 내용입니다...','user06','2021-01-25 12:04:17',0,0,0),(9,'7번째 글 제목입니다...','7번재 글 내용입니다...','user07','2021-01-25 12:04:17',0,0,0),(10,'8번째 글 제목입니다...','8번재 글 내용입니다...','user08','2021-01-25 12:04:17',0,0,0),(11,'9번째 글 제목입니다...','9번재 글 내용입니다...','user09','2021-01-25 12:04:17',0,0,0),(12,'10번째 글 제목입니다...','10번재 글 내용입니다...','user00','2021-01-25 12:04:17',0,0,0),(13,'11번째 글 제목입니다...','11번재 글 내용입니다...','user01','2021-01-25 12:04:17',0,0,0),(14,'12번째 글 제목입니다...','12번재 글 내용입니다...','user02','2021-01-25 12:04:17',0,0,0),(15,'13번째 글 제목입니다...','13번재 글 내용입니다...','user03','2021-01-25 12:04:17',0,0,0),(16,'14번째 글 제목입니다...','14번재 글 내용입니다...','user04','2021-01-25 12:04:17',0,0,0),(17,'15번째 글 제목입니다...','15번재 글 내용입니다...','user05','2021-01-25 12:04:17',0,0,0),(18,'16번째 글 제목입니다...','16번재 글 내용입니다...','user06','2021-01-25 12:04:17',0,0,0),(19,'17번째 글 제목입니다...','17번재 글 내용입니다...','user07','2021-01-25 12:04:17',0,0,0),(20,'18번째 글 제목입니다...','18번재 글 내용입니다...','user08','2021-01-25 12:04:17',0,0,0),(21,'19번째 글 제목입니다...','19번재 글 내용입니다...','user09','2021-01-25 12:04:17',0,0,0),(22,'20번째 글 제목입니다...','20번재 글 내용입니다...','user00','2021-01-25 12:04:17',0,0,0),(23,'21번째 글 제목입니다...','21번재 글 내용입니다...','user01','2021-01-25 12:04:17',0,0,0),(24,'22번째 글 제목입니다...','22번재 글 내용입니다...','user02','2021-01-25 12:04:17',0,0,0),(25,'23번째 글 제목입니다...','23번재 글 내용입니다...','user03','2021-01-25 12:04:17',0,0,0),(26,'24번째 글 제목입니다...','24번재 글 내용입니다...','user04','2021-01-25 12:04:17',0,0,0),(27,'25번째 글 제목입니다...','25번재 글 내용입니다...','user05','2021-01-25 12:04:17',0,0,0),(28,'26번째 글 제목입니다...','26번재 글 내용입니다...','user06','2021-01-25 12:04:17',0,0,0),(29,'27번째 글 제목입니다...','27번재 글 내용입니다...','user07','2021-01-25 12:04:17',0,0,0),(30,'28번째 글 제목입니다...','28번재 글 내용입니다...','user08','2021-01-25 12:04:17',0,0,0),(31,'29번째 글 제목입니다...','29번재 글 내용입니다...','user09','2021-01-25 12:04:17',0,0,0),(32,'30번째 글 제목입니다...','30번재 글 내용입니다...','user00','2021-01-25 12:04:17',0,0,0),(33,'31번째 글 제목입니다...','31번재 글 내용입니다...','user01','2021-01-25 12:04:17',0,0,0),(34,'32번째 글 제목입니다...','32번재 글 내용입니다...','user02','2021-01-25 12:04:17',0,0,0),(35,'33번째 글 제목입니다...','33번재 글 내용입니다...','user03','2021-01-25 12:04:17',0,0,0),(36,'34번째 글 제목입니다...','34번재 글 내용입니다...','user04','2021-01-25 12:04:17',0,0,0),(37,'35번째 글 제목입니다...','35번재 글 내용입니다...','user05','2021-01-25 12:04:17',0,0,0),(38,'36번째 글 제목입니다...','36번재 글 내용입니다...','user06','2021-01-25 12:04:17',0,0,0),(39,'37번째 글 제목입니다...','37번재 글 내용입니다...','user07','2021-01-25 12:04:17',0,0,0),(40,'38번째 글 제목입니다...','38번재 글 내용입니다...','user08','2021-01-25 12:04:17',0,0,0),(41,'39번째 글 제목입니다...','39번재 글 내용입니다...','user09','2021-01-25 12:04:17',0,0,0),(42,'40번째 글 제목입니다...','40번재 글 내용입니다...','user00','2021-01-25 12:04:17',0,0,0),(43,'41번째 글 제목입니다...','41번재 글 내용입니다...','user01','2021-01-25 12:04:17',0,0,0),(44,'42번째 글 제목입니다...','42번재 글 내용입니다...','user02','2021-01-25 12:04:17',0,0,0),(45,'43번째 글 제목입니다...','43번재 글 내용입니다...','user03','2021-01-25 12:04:17',0,0,0),(46,'44번째 글 제목입니다...','44번재 글 내용입니다...','user04','2021-01-25 12:04:17',0,0,0),(47,'45번째 글 제목입니다...','45번재 글 내용입니다...','user05','2021-01-25 12:04:17',0,0,0),(48,'46번째 글 제목입니다...','46번재 글 내용입니다...','user06','2021-01-25 12:04:17',0,0,0),(49,'47번째 글 제목입니다...','47번재 글 내용입니다...','user07','2021-01-25 12:04:17',0,0,0),(50,'48번째 글 제목입니다...','48번재 글 내용입니다...','user08','2021-01-25 12:04:17',0,0,0),(51,'49번째 글 제목입니다...','49번재 글 내용입니다...','user09','2021-01-25 12:04:17',0,0,0),(52,'50번째 글 제목입니다...','50번재 글 내용입니다...','user00','2021-01-25 12:04:17',0,0,0),(53,'51번째 글 제목입니다...','51번재 글 내용입니다...','user01','2021-01-25 12:04:18',0,0,0),(54,'52번째 글 제목입니다...','52번재 글 내용입니다...','user02','2021-01-25 12:04:18',0,0,0),(55,'53번째 글 제목입니다...','53번재 글 내용입니다...','user03','2021-01-25 12:04:18',0,0,0),(56,'54번째 글 제목입니다...','54번재 글 내용입니다...','user04','2021-01-25 12:04:18',0,0,0),(57,'55번째 글 제목입니다...','55번재 글 내용입니다...','user05','2021-01-25 12:04:18',0,0,0),(58,'56번째 글 제목입니다...','56번재 글 내용입니다...','user06','2021-01-25 12:04:18',0,0,0),(59,'57번째 글 제목입니다...','57번재 글 내용입니다...','user07','2021-01-25 12:04:18',0,0,0),(60,'58번째 글 제목입니다...','58번재 글 내용입니다...','user08','2021-01-25 12:04:18',0,0,0),(61,'59번째 글 제목입니다...','59번재 글 내용입니다...','user09','2021-01-25 12:04:18',0,0,0),(62,'60번째 글 제목입니다...','60번재 글 내용입니다...','user00','2021-01-25 12:04:18',0,0,0),(63,'61번째 글 제목입니다...','61번재 글 내용입니다...','user01','2021-01-25 12:04:18',0,0,0),(64,'62번째 글 제목입니다...','62번재 글 내용입니다...','user02','2021-01-25 12:04:18',0,0,0),(65,'63번째 글 제목입니다...','63번재 글 내용입니다...','user03','2021-01-25 12:04:18',0,0,0),(66,'64번째 글 제목입니다...','64번재 글 내용입니다...','user04','2021-01-25 12:04:18',0,0,0),(67,'65번째 글 제목입니다...','65번재 글 내용입니다...','user05','2021-01-25 12:04:18',0,0,0),(68,'66번째 글 제목입니다...','66번재 글 내용입니다...','user06','2021-01-25 12:04:18',0,0,0),(69,'67번째 글 제목입니다...','67번재 글 내용입니다...','user07','2021-01-25 12:04:18',0,0,0),(70,'68번째 글 제목입니다...','68번재 글 내용입니다...','user08','2021-01-25 12:04:18',0,0,0),(71,'69번째 글 제목입니다...','69번재 글 내용입니다...','user09','2021-01-25 12:04:18',0,0,0),(72,'70번째 글 제목입니다...','70번재 글 내용입니다...','user00','2021-01-25 12:04:18',0,0,0),(73,'71번째 글 제목입니다...','71번재 글 내용입니다...','user01','2021-01-25 12:04:18',0,0,0),(74,'72번째 글 제목입니다...','72번재 글 내용입니다...','user02','2021-01-25 12:04:18',0,0,0),(75,'73번째 글 제목입니다...','73번재 글 내용입니다...','user03','2021-01-25 12:04:18',0,0,0),(76,'74번째 글 제목입니다...','74번재 글 내용입니다...','user04','2021-01-25 12:04:18',0,0,0),(77,'75번째 글 제목입니다...','75번재 글 내용입니다...','user05','2021-01-25 12:04:18',0,0,0),(78,'76번째 글 제목입니다...','76번재 글 내용입니다...','user06','2021-01-25 12:04:18',0,0,0),(79,'77번째 글 제목입니다...','77번재 글 내용입니다...','user07','2021-01-25 12:04:18',0,0,0),(80,'78번째 글 제목입니다...','78번재 글 내용입니다...','user08','2021-01-25 12:04:18',0,0,0),(81,'79번째 글 제목입니다...','79번재 글 내용입니다...','user09','2021-01-25 12:04:18',0,0,0),(82,'80번째 글 제목입니다...','80번재 글 내용입니다...','user00','2021-01-25 12:04:18',0,0,0),(83,'81번째 글 제목입니다...','81번재 글 내용입니다...','user01','2021-01-25 12:04:18',0,0,0),(84,'82번째 글 제목입니다...','82번재 글 내용입니다...','user02','2021-01-25 12:04:18',0,0,0),(85,'83번째 글 제목입니다...','83번재 글 내용입니다...','user03','2021-01-25 12:04:18',0,0,0),(86,'84번째 글 제목입니다...','84번재 글 내용입니다...','user04','2021-01-25 12:04:18',0,0,0),(87,'85번째 글 제목입니다...','85번재 글 내용입니다...','user05','2021-01-25 12:04:18',0,0,0),(88,'86번째 글 제목입니다...','86번재 글 내용입니다...','user06','2021-01-25 12:04:18',0,0,0),(89,'87번째 글 제목입니다...','87번재 글 내용입니다...','user07','2021-01-25 12:04:18',0,0,0),(90,'88번째 글 제목입니다...','88번재 글 내용입니다...','user08','2021-01-25 12:04:18',0,0,0),(91,'89번째 글 제목입니다...','89번재 글 내용입니다...','user09','2021-01-25 12:04:18',0,0,0),(92,'90번째 글 제목입니다...','90번재 글 내용입니다...','user00','2021-01-25 12:04:18',0,0,0),(93,'91번째 글 제목입니다...','91번재 글 내용입니다...','user01','2021-01-25 12:04:18',0,0,0),(94,'92번째 글 제목입니다...','92번재 글 내용입니다...','user02','2021-01-25 12:04:18',0,0,0),(95,'93번째 글 제목입니다...','93번재 글 내용입니다...','user03','2021-01-25 12:04:18',0,0,0),(96,'94번째 글 제목입니다...','94번재 글 내용입니다...','user04','2021-01-25 12:04:18',0,0,0),(97,'95번째 글 제목입니다...','95번재 글 내용입니다...','user05','2021-01-25 12:04:18',0,0,0),(98,'96번째 글 제목입니다...','96번재 글 내용입니다...','user06','2021-01-25 12:04:18',0,0,0),(99,'97번째 글 제목입니다...','97번재 글 내용입니다...','user07','2021-01-25 12:04:18',0,0,0),(100,'98번째 글 제목입니다...','98번재 글 내용입니다...','user08','2021-01-25 12:04:18',0,0,1),(101,'99번째 글 제목입니다...','99번재 글 내용입니다...','user09','2021-01-25 12:04:18',0,0,0),(102,'100번째 글 제목입니다...','100번재 글 내용입니다...','user00','2021-01-25 12:04:18',0,0,0),(105,'파일첨부','첨부한다','첨부하는사람','2021-02-03 15:59:34',0,0,0),(106,'첨부','한다','첨부자','2021-02-03 16:03:57',0,0,0),(107,'','','','2021-02-03 16:31:44',0,0,0),(108,'첨부','첨부파일','첨부파일','2021-02-04 05:40:14',0,0,0),(109,'3시 44분','부','첨부','2021-02-04 06:44:30',0,0,0),(110,'asd','asd','asdasd','2021-02-04 09:18:56',0,0,0),(111,'123123','123123','123123','2021-02-04 13:27:00',0,0,0),(112,'asd','asd','','2021-02-05 15:00:31',0,0,0),(113,'asdzxc','asdzxc','','2021-02-05 15:01:13',0,0,0),(114,'가나다라마바사','가나다라마바사','','2021-02-06 06:23:30',0,0,0),(115,'첨','부','','2021-02-06 06:24:31',0,0,0),(116,'굽네','치킨','','2021-02-06 08:08:33',0,0,0),(117,'노루귀꽃','노루귀꽃의 꽃말은 인내','','2021-02-06 08:09:49',0,0,0),(118,'토요일','일요일','가나다라마바사','2021-02-06 15:43:42',0,0,0),(119,'노홍철','홍철','노','2021-02-06 16:02:12',0,0,0),(120,'gh','ghd','cjf','2021-02-06 16:03:36',0,0,0),(121,'무','야','호','2021-02-06 16:13:10',0,1,0),(122,'주일','오전','여섯시','2021-02-06 21:31:26',0,1,0),(123,'my','biggist ememy ','pop','2021-02-09 08:21:04',0,2,0),(124,'최','준','기','2021-02-10 07:39:04',0,1,1);
/*!40000 ALTER TABLE `tbl_article` ENABLE KEYS */;
UNLOCK TABLES;

--
-- Table structure for table `tbl_article_file`
--

DROP TABLE IF EXISTS `tbl_article_file`;
/*!40101 SET @saved_cs_client     = @@character_set_client */;
/*!40101 SET character_set_client = utf8 */;
CREATE TABLE `tbl_article_file` (
  `article_file_no` int(11) NOT NULL AUTO_INCREMENT,
  `file_name` varchar(150) NOT NULL,
  `article_no` int(11) NOT NULL,
  `reg_date` timestamp NULL DEFAULT CURRENT_TIMESTAMP,
  PRIMARY KEY (`article_file_no`),
  KEY `tbl_article_file_FK` (`article_no`),
  CONSTRAINT `tbl_article_file_FK` FOREIGN KEY (`article_no`) REFERENCES `tbl_article` (`article_no`)
) ENGINE=InnoDB AUTO_INCREMENT=11 DEFAULT CHARSET=utf8;
/*!40101 SET character_set_client = @saved_cs_client */;

--
-- Dumping data for table `tbl_article_file`
--

LOCK TABLES `tbl_article_file` WRITE;
/*!40000 ALTER TABLE `tbl_article_file` DISABLE KEYS */;
INSERT INTO `tbl_article_file` VALUES (1,'/2021/02/06/24139567-ef1d-41fc-a957-443406d1d493_노루귀꽃.jpeg',116,'2021-02-06 08:08:33'),(2,'/2021/02/06/8fe6b8df-0a70-4d32-bbaa-64b4533e063e_노루귀꽃.jpeg',117,'2021-02-06 08:09:49'),(3,'/2021/02/07/18009a6d-7873-4e37-82e3-ffc1d24d155b_노루귀꽃.jpeg',118,'2021-02-06 15:43:42'),(4,'/2021/02/07/s_e1b2240f-0335-4d77-982c-2eac0a44284a_zzal.jpg',119,'2021-02-06 16:02:13'),(5,'/2021/02/07/s_f64db3a7-d778-4976-8cb2-d35a03cf2f96_zzal.jpg',120,'2021-02-06 16:03:36'),(6,'/2021/02/07/s_62355adb-8ed0-44aa-9ee1-c67f2aa8b6f4_zzal.jpg',121,'2021-02-06 16:13:10'),(7,'/2021/02/07/s_90ae807d-0eb4-4068-a626-4df475247baf_zzal.jpg',122,'2021-02-06 21:31:26'),(8,'/2021/02/09/s_4fe109a2-515f-4cdc-9e40-8c5a78d617bf_KakaoTalk_Photo_2021-01-04-15-31-43.png',123,'2021-02-09 08:21:04'),(9,'/2021/02/09/a6d9544b-ac78-4d75-ac77-cd068befe561_노루귀꽃.jpeg',123,'2021-02-09 08:21:04'),(10,'/2021/02/10/82360343-58a3-4266-b3d6-b5ce2748f15c_(별도제출시) 개인정보 등 수집 이용 및 제공 동의서 (1).hwp',124,'2021-02-10 07:39:04');
/*!40000 ALTER TABLE `tbl_article_file` ENABLE KEYS */;
UNLOCK TABLES;

--
-- Table structure for table `tbl_member`
--

DROP TABLE IF EXISTS `tbl_member`;
/*!40101 SET @saved_cs_client     = @@character_set_client */;
/*!40101 SET character_set_client = utf8 */;
CREATE TABLE `tbl_member` (
  `userid` varchar(50) CHARACTER SET utf8 COLLATE utf8_bin NOT NULL,
  `userpw` varchar(50) CHARACTER SET utf8 COLLATE utf8_bin NOT NULL,
  `username` varchar(50) CHARACTER SET utf8 COLLATE utf8_bin NOT NULL,
  `email` varchar(100) CHARACTER SET utf8 COLLATE utf8_bin DEFAULT NULL,
  `regdate` timestamp NULL DEFAULT CURRENT_TIMESTAMP,
  `updatedate` timestamp NULL DEFAULT CURRENT_TIMESTAMP,
  PRIMARY KEY (`userid`)
) ENGINE=InnoDB DEFAULT CHARSET=utf8;
/*!40101 SET character_set_client = @saved_cs_client */;

--
-- Dumping data for table `tbl_member`
--

LOCK TABLES `tbl_member` WRITE;
/*!40000 ALTER TABLE `tbl_member` DISABLE KEYS */;
INSERT INTO `tbl_member` VALUES ('user00','user00','user00','user00@mail.com','2021-01-21 08:12:25','2021-01-21 08:12:25');
/*!40000 ALTER TABLE `tbl_member` ENABLE KEYS */;
UNLOCK TABLES;

--
-- Table structure for table `tbl_reply`
--

DROP TABLE IF EXISTS `tbl_reply`;
/*!40101 SET @saved_cs_client     = @@character_set_client */;
/*!40101 SET character_set_client = utf8 */;
CREATE TABLE `tbl_reply` (
  `reply_no` int(11) NOT NULL AUTO_INCREMENT,
  `article_no` int(11) NOT NULL DEFAULT '0',
  `reply_text` varchar(1000) NOT NULL,
  `reply_writer` varchar(50) NOT NULL,
  `reg_date` timestamp NOT NULL DEFAULT CURRENT_TIMESTAMP,
  `update_date` timestamp NOT NULL DEFAULT CURRENT_TIMESTAMP,
  PRIMARY KEY (`reply_no`),
  KEY `FK_ARTICLE` (`article_no`),
  CONSTRAINT `FK_ARTICLE` FOREIGN KEY (`article_no`) REFERENCES `tbl_article` (`article_no`)
) ENGINE=InnoDB AUTO_INCREMENT=31 DEFAULT CHARSET=utf8;
/*!40101 SET character_set_client = @saved_cs_client */;

--
-- Dumping data for table `tbl_reply`
--

LOCK TABLES `tbl_reply` WRITE;
/*!40000 ALTER TABLE `tbl_reply` DISABLE KEYS */;
INSERT INTO `tbl_reply` VALUES (4,100,'asdasdasd','user03','2021-02-11 11:14:42','2021-02-12 15:48:12'),(5,100,'4번째 댓글입니다..','user04','2021-02-11 11:14:42','2021-02-11 11:14:42'),(7,100,'6번째 댓글입니다..','user06','2021-02-11 11:14:42','2021-02-11 11:14:42'),(8,100,'7번째 댓글입니다..','user07','2021-02-11 11:14:42','2021-02-11 11:14:42'),(9,100,'8번째 댓글입니다..','user08','2021-02-11 11:14:42','2021-02-11 11:14:42'),(10,100,'9번째 댓글입니다..','user09','2021-02-11 11:14:42','2021-02-11 11:14:42'),(11,100,'10번째 댓글입니다..','user00','2021-02-11 11:14:42','2021-02-11 11:14:42'),(12,100,'1번째 댓글입니다..','user01','2021-02-11 11:56:16','2021-02-11 11:56:16'),(13,100,'2번째 댓글입니다..','user02','2021-02-11 11:56:17','2021-02-11 11:56:17'),(14,100,'3번째 댓글입니다..','user03','2021-02-11 11:56:17','2021-02-11 11:56:17'),(15,100,'4번째 댓글입니다..','user04','2021-02-11 11:56:17','2021-02-11 11:56:17'),(16,100,'5번째 댓글입니다..','user05','2021-02-11 11:56:17','2021-02-11 11:56:17'),(17,100,'6번째 댓글입니다..','user06','2021-02-11 11:56:17','2021-02-11 11:56:17'),(18,100,'7번째 댓글입니다..','user07','2021-02-11 11:56:17','2021-02-11 11:56:17'),(19,100,'8번째 댓글입니다..','user08','2021-02-11 11:56:17','2021-02-11 11:56:17'),(20,100,'9번째 댓글입니다..','user09','2021-02-11 11:56:17','2021-02-11 11:56:17'),(21,100,'10번째 댓글입니다..','user00','2021-02-11 11:56:17','2021-02-11 11:56:17'),(22,100,'댓글','댓글작성자','2021-02-12 06:22:37','2021-02-12 06:22:37'),(23,100,'댓글','댓글작성자','2021-02-12 06:22:39','2021-02-12 06:22:39'),(24,100,'asd','asd','2021-02-12 06:27:05','2021-02-12 06:27:05'),(25,100,'','','2021-02-12 12:27:03','2021-02-12 12:27:03'),(26,100,'asd','asd','2021-02-12 12:57:44','2021-02-12 12:57:44'),(27,100,'qwe','qwe','2021-02-12 14:36:29','2021-02-12 14:36:29'),(28,124,'asd','','2021-02-12 17:35:58','2021-02-12 17:35:58'),(29,100,'dididi','didididi','2021-02-12 17:46:45','2021-02-12 17:46:45'),(30,100,'asd','asd','2021-02-12 17:46:59','2021-02-12 17:46:59');
/*!40000 ALTER TABLE `tbl_reply` ENABLE KEYS */;
UNLOCK TABLES;

--
-- Table structure for table `tbl_user`
--

DROP TABLE IF EXISTS `tbl_user`;
/*!40101 SET @saved_cs_client     = @@character_set_client */;
/*!40101 SET character_set_client = utf8 */;
CREATE TABLE `tbl_user` (
  `user_id` varchar(50) CHARACTER SET utf8 COLLATE utf8_bin NOT NULL,
  `user_pw` varchar(100) CHARACTER SET utf8 COLLATE utf8_bin NOT NULL,
  `user_name` varchar(100) CHARACTER SET utf8 COLLATE utf8_bin NOT NULL,
  `user_email` varchar(50) CHARACTER SET utf8 COLLATE utf8_bin NOT NULL,
  `user_point` int(11) NOT NULL DEFAULT '0',
  `session_key` varchar(50) CHARACTER SET utf8 COLLATE utf8_bin NOT NULL DEFAULT 'none',
  `session_limit` timestamp NULL DEFAULT NULL,
  `user_img` varchar(100) CHARACTER SET utf8 COLLATE utf8_bin NOT NULL DEFAULT 'user/default-user.png',
  `user_join_date` timestamp NOT NULL DEFAULT CURRENT_TIMESTAMP,
  `user_login_date` timestamp NOT NULL DEFAULT CURRENT_TIMESTAMP,
  `user_signature` varchar(200) CHARACTER SET utf8 COLLATE utf8_bin NOT NULL DEFAULT '안녕하세요 ^^',
  PRIMARY KEY (`user_id`)
) ENGINE=InnoDB DEFAULT CHARSET=utf8;
/*!40101 SET character_set_client = @saved_cs_client */;

--
-- Dumping data for table `tbl_user`
--

LOCK TABLES `tbl_user` WRITE;
/*!40000 ALTER TABLE `tbl_user` DISABLE KEYS */;
INSERT INTO `tbl_user` VALUES ('asd','$2a$10$UmKfOgQIkdIWOO8XHgfZW.g2fZS3DxP8RSCev/z.6UipzxtYXF2Le','qwe','qwe@asd.com',0,'none',NULL,'user/default-user.png','2021-02-01 17:58:26','2021-02-01 17:58:26','안녕하세요 ^^'),('qweqwe','$2a$10$Y/RjEYV3D7For5X4jt8UteDRZbejugnsI4gZDSIDf.9SnxZuweOoO','qweqwe','qweqwe@qweqwe.qwe',0,'none',NULL,'user/default-user.png','2021-02-02 15:11:57','2021-02-02 15:11:57','안녕하세요 ^^');
/*!40000 ALTER TABLE `tbl_user` ENABLE KEYS */;
UNLOCK TABLES;
/*!40103 SET TIME_ZONE=@OLD_TIME_ZONE */;

/*!40101 SET SQL_MODE=@OLD_SQL_MODE */;
/*!40014 SET FOREIGN_KEY_CHECKS=@OLD_FOREIGN_KEY_CHECKS */;
/*!40014 SET UNIQUE_CHECKS=@OLD_UNIQUE_CHECKS */;
/*!40101 SET CHARACTER_SET_CLIENT=@OLD_CHARACTER_SET_CLIENT */;
/*!40101 SET CHARACTER_SET_RESULTS=@OLD_CHARACTER_SET_RESULTS */;
/*!40101 SET COLLATION_CONNECTION=@OLD_COLLATION_CONNECTION */;
/*!40111 SET SQL_NOTES=@OLD_SQL_NOTES */;

-- Dump completed on 2021-02-17 20:52:26
